{
  "total_records": 49,
  "json_valid_pct": 0.8571428571428571,
  "schema_valid_pct": 0.7551020408163265,
  "answer_match_pct": 0.0,
  "numeric_clean_pct": 1.0,
  "avg_distractor_unique_ratio": 0.8109152752009895,
  "prompt_tokens_total": 20889,
  "completion_tokens_total": 11981,
  "avg_prompt_tokens": 426.3061224489796,
  "avg_completion_tokens": 244.51020408163265,
  "ao_distribution": {
    "AO2": 17,
    "AO1": 23,
    "A": 2
  },
  "ao_alignment": {
    "A": {
      "model_pct": 0.04081632653061224,
      "reference_pct": 0.0,
      "abs_diff": 0.04081632653061224
    },
    "AO1+AO2": {
      "model_pct": 0.0,
      "reference_pct": 0.5714285714285714,
      "abs_diff": 0.5714285714285714
    },
    "AO1": {
      "model_pct": 0.46938775510204084,
      "reference_pct": 0.061224489795918366,
      "abs_diff": 0.40816326530612246
    },
    "AO2+AO3": {
      "model_pct": 0.0,
      "reference_pct": 0.30612244897959184,
      "abs_diff": 0.30612244897959184
    },
    "AO2": {
      "model_pct": 0.3469387755102041,
      "reference_pct": 0.061224489795918366,
      "abs_diff": 0.2857142857142857
    }
  },
  "hint_quality": {
    "avg_chars": 79.6734693877551,
    "median_chars": 80,
    "short_hint_pct": 0.1836734693877551
  },
  "explanation_avg_chars": 241.46938775510205
}