{
  "adapter_a": "adapter_v1",
  "adapter_b": "adapter_v2",
  "metrics_a": {
    "json_valid_pct": 0.8367346938775511,
    "schema_valid_pct": 0.6938775510204082,
    "answer_match_pct": 0.0,
    "numeric_clean_pct": 1.0,
    "avg_distractor_unique_ratio": 0.7704081632653061,
    "avg_prompt_tokens": 426.3061224489796,
    "avg_completion_tokens": 265.6326530612245
  },
  "metrics_b": {
    "json_valid_pct": 0.8571428571428571,
    "schema_valid_pct": 0.7551020408163265,
    "answer_match_pct": 0.0,
    "numeric_clean_pct": 1.0,
    "avg_distractor_unique_ratio": 0.8109152752009895,
    "avg_prompt_tokens": 426.3061224489796,
    "avg_completion_tokens": 244.51020408163265
  },
  "delta_b_minus_a": {
    "json_valid_pct": 0.020408163265306034,
    "schema_valid_pct": 0.061224489795918324,
    "answer_match_pct": 0.0,
    "numeric_clean_pct": 0.0,
    "avg_distractor_unique_ratio": 0.04050711193568335,
    "avg_prompt_tokens": 0.0,
    "avg_completion_tokens": -21.122448979591866
  }
}